disease_nane,number_of_patiants
G93.2 Benign intracranial hypertension,105
I10 Essential (primary) hypertension,61
E78.0 Pure hypercholesterolaemia,32
Z86.7 Personal history of diseases of the circulatory system,31
R51 Headache,29
E11.9 Without complications,25
"E66.9 Obesity, unspecified",24
Z86.4 Personal history of psychoactive substance abuse,24
R69 Unknown and unspecified causes of morbidity,22
K44.9 Diaphragmatic hernia without obstruction or gangrene,21
"I20.9 Angina pectoris, unspecified",19
"J45.9 Asthma, unspecified",19
"R07.4 Chest pain, unspecified",19
"F32.9 Depressive episode, unspecified",19
K21.9 Gastro-oesophageal reflux disease without oesophagitis,19
Z92.2 Personal history of long-term (current) use of other medicaments,18
Z92.1 Personal history of long-term (current) use of anticoagulants,18
R10.4 Other and unspecified abdominal pain,18
Z82.4 Family history of ischaemic heart disease and other diseases of the circulatory system,16
Z86.6 Personal history of diseases of the nervous system and sense organs,16
"H47.1 Papilloedema, unspecified",16
"M17.9 Gonarthrosis, unspecified",15
Z72.0 Tobacco use,15
Z53.8 Procedure not carried out for other reasons,15
"E03.9 Hypothyroidism, unspecified",15
Z98.2 Presence of cerebrospinal fluid drainage device,15
F17.1 Harmful use,14
"N39.0 Urinary tract infection, site not specified",14
Z11.5 Special screening examination for other viral diseases,14
Z50.1 Other physical therapy,14
"I25.9 Chronic ischaemic heart disease, unspecified",13
"N17.9 Acute renal failure, unspecified",13
"F41.9 Anxiety disorder, unspecified",12
I25.1 Atherosclerotic heart disease,12
Z88.0 Personal history of allergy to penicillin,12
Z88.6 Personal history of allergy to analgesic agent,12
I48 Atrial fibrillation and flutter,12
"R41.0 Disorientation, unspecified",12
Z87.1 Personal history of diseases of the digestive system,12
Z87.4 Personal history of diseases of the genito-urinary system,12
Z90.7 Acquired absence of genital organ(s),12
K59.0 Constipation,12
"I48.9 Atrial fibrillation and atrial flutter,  unspecified",12
"R29.6 Tendency to fall, not elsewhere classified",12
Z88.1 Personal history of allergy to other antibiotic agents,11
R07.3 Other chest pain,11
A09.9 Gastroenteritis and colitis of unspecified origin,11
R55 Syncope and collapse,11
R11 Nausea and vomiting,11
"G43.9 Migraine, unspecified",11
"Z88.8 Personal history of allergy to other drugs, medicaments and biological substances",11
Z96.6 Presence of orthopaedic joint implants,10
R06.0 Dyspnoea,10
"G81.9 Hemiplegia, unspecified",10
R53 Malaise and fatigue,10
"K52.9 Non-infective gastro-enteritis and colitis, unspecified",10
"D64.9 Anaemia, unspecified",10
"T81.0 Haemorrhage and haematoma complicating a procedure, not elsewhere classified",10
K57.3 Diverticular disease of large intestine without perforation or abscess,10
N40 Hyperplasia of prostate,9
"G91.9 Hydrocephalus, unspecified",9
J22 Unspecified acute lower respiratory infection,9
R31 Unspecified haematuria,9
K58.9 Irritable bowel syndrome without diarrhoea,9
Y83.1 Surgical operation with implant of artificial internal device,9
"M19.9 Arthrosis, unspecified",9
E87.6 Hypokalaemia,9
"J44.9 Chronic obstructive pulmonary disease, unspecified",8
Z90.4 Acquired absence of other parts of digestive tract,8
T85.0 Mechanical complication of ventricular intracranial (communicating) shunt,8
"K29.7 Gastritis, unspecified",8
Z51.5 Palliative care,8
G47.3 Sleep apnoea,8
R79.8 Other specified abnormal findings of blood chemistry,8
"I95.9 Hypotension, unspecified",8
"J18.1 Lobar pneumonia, unspecified",8
N83.2 Other and unspecified ovarian cysts,8
R32 Unspecified urinary incontinence,8
Z53.0 Procedure not carried out because of contraindication,8
R56.8 Other and unspecified convulsions,8
Z85.8 Personal history of malignant neoplasms of other organs and systems,8
R10.3 Pain localised to other parts of lower abdomen,8
"K57.9 Diverticular disease of intestine, part unspecified, without perforation or abscess",8
G56.0 Carpal tunnel syndrome,8
K63.5 Polyp of colon,7
Z03.8 Observation for other suspected diseases and conditions,7
Z12.1 Special screening examination for neoplasm of intestinal tract,7
Z96.8 Presence of other specified functional implants,7
Z95.5 Presence of coronary angioplasty implant and graft,7
B96.8 Other specified bacterial agents as the cause of diseases classified to other chapters,7
K30 Dyspepsia,7
I26.9 Pulmonary embolism without mention of acute cor pulmonale,7
"H26.9 Cataract, unspecified",7
K20 Oesophagitis,7
"Z92.4 Personal history of major surgery, not elsewhere classified",7
K62.5 Haemorrhage of anus and rectum,7
"G40.9 Epilepsy, unspecified",7
"L98.9 Disorder of skin and subcutaneous tissue, unspecified",7
Y83.6 Removal of other organ (partial) (total),7
S06.50 Traumatic subdural haemorrhage (without open intracranial wound),7
N92.0 Excessive and frequent menstruation with regular cycle,7
R26.8 Other and unspecified abnormalities of gait and mobility,7
Z37.0 Single live birth,7
"Z91.0 Personal history of allergy, other than to drugs and biological substances",7
I84.9 Unspecified haemorrhoids without complication,7
"D50.9 Iron deficiency anaemia, unspecified",7
"A41.9 Septicaemia, unspecified",6
I51.7 Cardiomegaly,6
I20.0 Unstable angina,6
Z95.8 Presence of other cardiac and vascular implants and grafts,6
"M13.9 Arthritis, unspecified",6
R10.1 Pain localised to upper abdomen,6
N20.0 Calculus of kidney,6
"R00.1 Bradycardia, unspecified",6
"L30.9 Dermatitis, unspecified",6
R29.8 Other and unspecified symptoms and signs involving the nervous and musculoskeletal systems,6
"Z50.7 Occupational therapy and vocational rehabilitation, not elsewhere classified",6
K21.0 Gastro-oesophageal reflux disease with oesophagitis,6
Z51.2 Other chemotherapy,6
K80.2 Calculus of gallbladder without cholecystitis,6
"M19.99 Arthrosis, unspecified (Site unspecified)",6
M54.5 Low back pain,6
B96.2 Escherichia coli [E. coli] as the cause of diseases classified to other chapters,6
"M16.9 Coxarthrosis, unspecified",6
D32.0 Cerebral meninges,6
Y83.8 Other surgical procedures,6
"M13.99 Arthritis, unspecified (Site unspecified)",5
"M15.9 Polyarthrosis, unspecified",5
F10.1 Harmful use,5
"I50.9 Heart failure, unspecified",5
I50.1 Left ventricular failure,5
"N18.9 Chronic renal failure, unspecified",5
Y95 Nosocomial condition,5
I25.2 Old myocardial infarction,5
N81.1 Cystocele,5
G55.1 Nerve root and plexus compressions in intervertebral disk disorders,5
Z09.0 Follow-up examination after surgery for other conditions,5
M79.7 Fibromyalgia,5
I34.0 Mitral (valve) insufficiency,5
I95.1 Orthostatic hypotension,5
M79.86 Other specified soft tissue disorders (Lower leg),5
G93.6 Cerebral oedema,5
R42 Dizziness and giddiness,5
"M81.99 Osteoporosis, unspecified (Site unspecified)",5
M51.3 Other specified intervertebral disk degeneration,5
"K02.9 Dental caries, unspecified",5
Z87.8 Personal history of other specified conditions,5
R94.5 Abnormal results of liver function studies,5
"I63.9 Cerebral infarction, unspecified",5
S02.10 Fracture of base of skull (closed),5
R35 Polyuria,5
J44.0 Chronic obstructive pulmonary disease with acute lower respiratory infection,4
"T85.8 Other complications of internal prosthetic devices, implants and grafts, not elsewhere classified",4
Z51.1 Chemotherapy session for neoplasm,4
I48.0 Paroxysmal atrial fibrillation,4
R19.4 Change in bowel habit,4
R73.0 Abnormal glucose tolerance test,4
Z13.6 Special screening examination for cardiovascular disorders,4
I25.8 Other forms of chronic ischaemic heart disease,4
"I69.4 Sequelae of stroke, not specified as haemorrhage or infarction",4
Z72.1 Alcohol use,4
"N18.3 Chronic kidney disease, stage 3",4
W19.9 Unspecified place,4
N95.0 Postmenopausal bleeding,4
"I60.9 Subarachnoid haemorrhage, unspecified",4
M51.1 Lumbar and other intervertebral disk disorders with radiculopathy,4
R12 Heartburn,4
F05.1 Delirium superimposed on dementia,4
G43.1 Migraine with aura [classical migraine],4
"G45.9 Transient cerebral ischaemic attack, unspecified",4
R47.0 Dysphasia and aphasia,4
M77.4 Metatarsalgia,4
Z86.0 Personal history of other neoplasms,4
Z92.3 Personal history of irradiation,4
Z95.1 Presence of aortocoronary bypass graft,4
C79.3 Secondary malignant neoplasm of brain and cerebral meninges,4
"J90 Pleural effusion, not elsewhere classified",4
"M10.9 Gout, unspecified",4
"K92.2 Gastro-intestinal haemorrhage, unspecified",4
R33 Retention of urine,4
"T85.7 Infection and inflammatory reaction due to other internal prosthetic devices, implants and grafts",4
"M54.9 Dorsalgia, unspecified",4
"T82.8 Other complications of cardiac and vascular prosthetic devices, implants and grafts",4
Z80.0 Family history of malignant neoplasm of digestive organs,4
Z86.1 Personal history of infectious and parasitic diseases,4
G93.8 Other specified disorders of brain,4
C78.0 Secondary malignant neoplasm of lung,4
R13 Dysphagia,4
I62.0 Subdural haemorrhage (acute) (nontraumatic),4
F03 Unspecified dementia,4
"J18.9 Pneumonia, unspecified",4
"K76.0 Fatty (change of) liver, not elsewhere classified",4
"F05.9 Delirium, unspecified",4
R15 Faecal incontinence,4
"R50.9 Fever, unspecified",4
Z87.0 Personal history of diseases of the respiratory system,4
Z92.6 Personal history of chemotherapy for neoplastic disease,4
"M81.9 Osteoporosis, unspecified",4
"I44.7 Left bundle-branch block, unspecified",4
S06.60 Traumatic subarachnoid haemorrhage (without open intracranial wound),4
R41.8 Other and unspecified symptoms and signs involving cognitive functions and awareness,4
S06.20 Diffuse brain injury (without open intracranial wound),4
Z13.8 Special screening examination for other specified diseases and disorders,4
G91.2 Normal-pressure hydrocephalus,4
Z42.0 Follow-up care involving plastic surgery of head and neck,4
E86 Volume depletion,3
G91.1 Obstructive hydrocephalus,3
"I21.9 Acute myocardial infarction, unspecified",3
I35.0 Aortic (valve) stenosis,3
"M06.9 Rheumatoid arthritis, unspecified",3
"M06.90 Rheumatoid arthritis, unspecified (Multiple sites)",3
C56 Malignant neoplasm of ovary,3
R18 Ascites,3
"R19.0 Intra-abdominal and pelvic swelling, mass and lump",3
C61 Malignant neoplasm of prostate,3
R05 Cough,3
Z46.6 Fitting and adjustment of urinary device,3
Z85.4 Personal history of malignant neoplasm of genital organs,3
E83.5 Disorders of calcium metabolism,3
I12.0 Hypertensive renal disease with renal failure,3
R47.8 Other and unspecified speech disturbances,3
R90.8 Other abnormal findings on diagnostic imaging of central nervous system,3
Z99.3 Dependence on wheelchair,3
E11.3 With ophthalmic complications,3
H25.1 Senile nuclear cataract,3
H36.0 Diabetic retinopathy,3
"I73.9 Peripheral vascular disease, unspecified",3
J98.1 Pulmonary collapse,3
"L08.9 Local infection of skin and subcutaneous tissue, unspecified",3
"L97 Ulcer of lower limb, not elsewhere classified",3
M47.86 Other spondylosis (Lumbar region),3
Z02.8 Other examinations for administrative purposes,3
"E78.5 Hyperlipidaemia, unspecified",3
R09.0 Asphyxia,3
"T81.2 Accidental puncture and laceration during a procedure, not elsewhere classified",3
E87.1 Hypo-osmolality and hyponatraemia,3
"M19.91 Arthrosis, unspecified (Shoulder region)",3
R21 Rash and other nonspecific skin eruption,3
R40.0 Somnolence,3
S42.00 Fracture of clavicle (closed),3
W11.0 Home,3
"H91.9 Hearing loss, unspecified",3
M20.4 Other hammer toe(s) (acquired),3
N32.8 Other specified disorders of bladder,3
R60.0 Localised oedema,3
D70 Agranulocytosis,3
K64.1 Second degree haemorrhoids,3
Z48.8 Other specified surgical follow-up care,3
"H53.9 Visual disturbance, unspecified",3
"M46.9 Inflammatory spondylopathy, unspecified",3
"E16.2 Hypoglycaemia, unspecified",3
I50.0 Congestive heart failure,3
"W18.2 School, other institution and public administrative area",3
Z86.2 Personal history of diseases of the blood and blood-forming organs and certain disorders involving the immune mechanism,3
"T81.4 Infection following a procedure, not elsewhere classified",3
"T82.7 Infection and inflammatory reaction due to other cardiac and vascular devices, implants and grafts",3
G93.3 Postviral fatigue syndrome,3
I84.8 Unspecified haemorrhoids with other complications,3
N39.3 Stress incontinence,3
R10.2 Pelvic and perineal pain,3
Z88.2 Personal history of allergy to sulphonamides,3
C78.7 Secondary malignant neoplasm of liver,3
X59.9 Unspecified place,3
Z51.0 Radiotherapy session,3
N84.0 Polyp of corpus uteri,3
N92.1 Excessive and frequent menstruation with irregular cycle,3
H00.1 Chalazion,3
R93.3 Abnormal findings on diagnostic imaging of other parts of digestive tract,3
W10.0 Home,3
"D43.2 Brain, unspecified",3
N85.8 Other specified noninflammatory disorders of uterus,3
Z45.8 Adjustment and management of other implanted devices,3
E66.8 Other obesity,3
Z99.8 Dependence on other enabling machines and devices,3
A41.5 Septicaemia due to other Gram-negative organisms,3
K76.8 Other specified diseases of liver,3
L03.1 Cellulitis of other parts of limb,3
M54.56 Low back pain (Lumbar region),3
Z85.3 Personal history of malignant neoplasm of breast,3
Z90.1 Acquired absence of breast(s),3
"D25.9 Leiomyoma of uterus, unspecified",3
"C50.9 Breast, unspecified",3
H02.8 Other specified disorders of eyelid,3
H35.3 Degeneration of macula and posterior pole,3
K42.9 Umbilical hernia without obstruction or gangrene,3
K63.8 Other specified diseases of intestine,3
M25.55 Pain in joint (Pelvic region and thigh),3
G96.0 Cerebrospinal fluid leak,3
"N12 Tubulo-interstitial nephritis, not specified as acute or chronic",3
M51.2 Other specified intervertebral disk displacement,3
R39.8 Other and unspecified symptoms and signs involving the urinary system,3
R47.1 Dysarthria and anarthria,3
O70.0 First degree perineal laceration during delivery,3
"R00.0 Tachycardia, unspecified",3
F10.0 Acute intoxication,3
"Z13.9 Special screening examination, unspecified",3
D12.8 Rectum,2
J98.4 Other disorders of lung,2
"G93.9 Disorder of brain, unspecified",2
"M06.99 Rheumatoid arthritis, unspecified (Site unspecified)",2
C80 Malignant neoplasm without specification of site,2
"H40.9 Glaucoma, unspecified",2
M17.1 Other primary gonarthrosis,2
M65.3 Trigger finger,2
M67.4 Ganglion,2
N13.2 Hydronephrosis with renal and ureteral calculous obstruction,2
N20.1 Calculus of ureter,2
D12.5 Sigmoid colon,2
E14.9 Without complications,2
K31.7 Polyp of stomach and duodenum,2
N13.6 Pyonephrosis,2
Z13.3 Special screening examination for mental and behavioural disorders,2
"I64 Stroke, not specified as haemorrhage or infarction",2
"M48.56 Collapsed vertebra, not elsewhere classified (Lumbar region)",2
E10.9 Without complications,2
E11.4 With neurological complications,2
G63.2 Diabetic polyneuropathy,2
H25.8 Other senile cataract,2
A04.7 Enterocolitis due to Clostridium difficile,2
D25.1 Intramural leiomyoma of uterus,2
I67.2 Cerebral atherosclerosis,2
J69.0 Pneumonitis due to food and vomit,2
L84 Corns and callosities,2
M54.39 Sciatica (Site unspecified),2
N72 Inflammatory disease of cervix uteri,2
R87.6 Abnormal cytological findings,2
Y84.2 Radiological procedure and radiotherapy,2
Z53.2 Procedure not carried out because of patient's decision for other and unspecified reasons,2
"N83.8 Other noninflammatory disorders of ovary, Fallopian tube and broad ligament",2
E22.2 Syndrome of inappropriate secretion of antidiuretic hormone,2
H81.1 Benign paroxysmal vertigo,2
"I44.0 Atrioventricular block, first degree",2
I67.8 Other specified cerebrovascular diseases,2
R94.3 Abnormal results of cardiovascular function studies,2
S22.00 Fracture of thoracic vertebra (closed),2
S22.30 Fracture of rib (closed),2
S22.40 Multiple fractures of ribs (closed),2
S42.10 Fracture of scapula (closed),2
Z50.5 Speech therapy,2
"M13.0 Polyarthritis, unspecified",2
M20.1 Hallux valgus (acquired),2
M20.5 Other deformities of toe(s) (acquired),2
"R61.9 Hyperhidrosis, unspecified",2
"E05.9 Thyrotoxicosis, unspecified",2
M23.26 Derangement of meniscus due to old tear or injury (Other and unspecified lateral meniscus),2
"C79.9 Secondary malignant neoplasm, unspecified site",2
I95.8 Other hypotension,2
L72.0 Epidermal cyst,2
N18.0 End-stage renal disease,2
"N18.5 Chronic kidney disease, stage 5",2
Y84.1 Kidney dialysis,2
Z94.0 Kidney transplant status,2
Z99.2 Dependence on renal dialysis,2
"G62.9 Polyneuropathy, unspecified",2
H53.4 Visual field defects,2
I80.2 Phlebitis and thrombophlebitis of other deep vessels of lower extremities,2
R26.3 Immobility,2
R63.4 Abnormal weight loss,2
I72.4 Aneurysm of artery of lower extremity,2
J38.0 Paralysis of vocal cords and larynx,2
M75.1 Rotator cuff syndrome,2
"B34.9 Viral infection, unspecified",2
"G04.9 Encephalitis, myelitis and encephalomyelitis, unspecified",2
"M19.94 Arthrosis, unspecified (Hand)",2
N23 Unspecified renal colic,2
N73.6 Female pelvic peritoneal adhesions,2
N85.2 Hypertrophy of uterus,2
Y60.0 During surgical operation,2
Z88.5 Personal history of allergy to narcotic agent,2
M50.3 Other cervical disk degeneration,2
H40.2 Primary angle-closure glaucoma,2
"Z86.3 Personal history of endocrine, nutritional and metabolic diseases",2
C71.3 Parietal lobe,2
C79.8 Secondary malignant neoplasm of other specified sites,2
K56.6 Other and unspecified intestinal obstruction,2
G40.1 Localisation-related (focal) (partial) symptomatic epilepsy and epileptic syndromes with simple partial seizures,2
K22.8 Other specified diseases of oesophagus,2
K80.1 Calculus of gallbladder with other cholecystitis,2
N80.0 Endometriosis of uterus,2
N80.3 Endometriosis of pelvic peritoneum,2
"N94.6 Dysmenorrhoea, unspecified",2
M75.0 Adhesive capsulitis of shoulder,2
R07.2 Precordial pain,2
Y85.0 Sequelae of motor-vehicle accident,2
Z82.3 Family history of stroke,2
G99.2 Myelopathy in diseases classified elsewhere,2
"M54.90 Dorsalgia, unspecified (Multiple sites in spine)",2
S61.8 Open wound of other parts of wrist and hand,2
E83.1 Disorders of iron metabolism,2
R06.8 Other and unspecified abnormalities of breathing,2
M23.8 Other internal derangements of knee,2
"J33.9 Nasal polyp, unspecified",2
B02.9 Zoster without complication,2
H53.8 Other visual disturbances,2
"J32.9 Chronic sinusitis, unspecified",2
"N30.9 Cystitis, unspecified",2
N81.3 Complete uterovaginal prolapse,2
G57.6 Lesion of plantar nerve,2
I83.9 Varicose veins of lower extremities without ulcer or inflammation,2
M23.22 Derangement of meniscus due to old tear or injury (Posterior cruciate ligament or Posterior horn of medial meniscus),2
"T85.6 Mechanical complication of other specified internal prosthetic devices, implants and grafts",2
E83.3 Disorders of phosphorus metabolism,2
E83.4 Disorders of magnesium metabolism,2
I51.8 Other ill-defined heart diseases,2
K83.0 Cholangitis,2
L57.0 Actinic keratosis,2
R25.8 Other and unspecified abnormal involuntary movements,2
R59.0 Localised enlarged lymph nodes,2
R91 Abnormal findings on diagnostic imaging of lung,2
Z98.0 Intestinal bypass and anastomosis status,2
E89.0 Postprocedural hypothyroidism,2
K29.8 Duodenitis,2
"M19.96 Arthrosis, unspecified-Lower leg",2
M51.0 Lumbar and other intervertebral disk disorders with myelopathy,2
M54.59 Low back pain (Site unspecified),2
M79.60 Pain in limb (Multiple sites),2
M85.8 Other specified disorders of bone density and structure,2
M94.85 Other specified disorders of cartilage (Pelvic region and thigh),2
Z42.1 Follow-up care involving plastic surgery of breast,2
M79.66 Pain in limb (Lower leg),2
N81.6 Rectocele,2
Z09.2 Follow-up examination after chemotherapy for other conditions,2
C50.8 Overlapping lesion of breast,2
L90.5 Scar conditions and fibrosis of skin,2
S00.0 Superficial injury of scalp,2
K43.9 Ventral hernia without obstruction or gangrene,2
N20.2 Calculus of kidney with calculus of ureter,2
D50.8 Other iron deficiency anaemias,2
"F01.9 Vascular dementia, unspecified",2
G44.2 Tension-type headache,2
I21.1 Acute transmural myocardial infarction of inferior wall,2
I45.1 Other and unspecified right bundle-branch block,2
K04.7 Periapical abscess without sinus,2
K31.8 Other specified diseases of stomach and duodenum,2
D23.3 Skin of other and unspecified parts of face,2
J45.0 Predominantly allergic asthma,2
G20 Parkinson's disease,2
K56.2 Volvulus,2
R03.1 Nonspecific low blood-pressure reading,2
R04.0 Epistaxis,2
W19.0 Home,2
"C34.9 Bronchus or lung, unspecified",2
S01.8 Open wound of other parts of head,2
Z93.1 Gastrostomy status,2
Z87.3 Personal history of diseases of the musculoskeletal system and connective tissue,2
K22.1 Ulcer of oesophagus,2
K29.6 Other gastritis,2
"M13.94 Arthritis, unspecified (Hand)",2
M43.16 Spondylolisthesis (Lumbar region),2
B95.6 Staphylococcus aureus as the cause of diseases classified to other chapters,2
J98.8 Other specified respiratory disorders,2
"I49.9 Cardiac arrhythmia, unspecified",2
"N18.4 Chronic kidney disease, stage 4",2
"Y83.2 Surgical operation with anastomosis, bypass or graft",2
D17.1 Benign lipomatous neoplasm of skin and subcutaneous tissue of trunk,2
J47 Bronchiectasis,2
J84.1 Other interstitial pulmonary diseases with fibrosis,2
"M19.98 Arthrosis, unspecified (Other)",2
G51.0 Bell's palsy,2
L72.1 Trichilemmal cyst,2
"N92.6 Irregular menstruation, unspecified",2
R14 Flatulence and related conditions,2
R20.8 Other and unspecified disturbances of skin sensation,2
H53.2 Diplopia,2
"O42.1 Premature rupture of membranes, onset of labour after 24 hours",2
B37.0 Candidal stomatitis,2
Z43.1 Attention to gastrostomy,2
C71.1 Frontal lobe,2
"D33.2 Brain, unspecified",2
S02.00 Fracture of vault of skull (closed),2
K62.1 Rectal polyp,2
"I61.9 Intracerebral haemorrhage, unspecified",2
K80.0 Calculus of gallbladder with acute cholecystitis,2
"C71.9 Brain, unspecified",2
"D23.7 Skin of lower limb, including hip",2
G08 Intracranial and intraspinal phlebitis and thrombophlebitis,2
M54.16 Radiculopathy (Lumbar region),2
"A49.0 Staphylococcal infection, unspecified",2
J15.2 Pneumonia due to staphylococcus,2
W10.9 Unspecified place,2
T90.5 Sequelae of intracranial injury,2
"Z50.9 Care involving use of rehabilitation procedure, unspecified",2
"Z51.4 Preparatory care for treatment, not elsewhere classified",2
"K51.9 Ulcerative colitis, unspecified",2
"T81.8 Other complications of procedures, not elsewhere classified",2
C18.2 Ascending colon,1
"C18.9 Colon, unspecified",1
J34.2 Deviated nasal septum,1
"J43.9 Emphysema, unspecified",1
"J44.1 Chronic obstructive pulmonary disease with acute exacerbation, unspecified",1
"K64.9 Haemorrhoids,  unspecified",1
Z85.0 Personal history of malignant neoplasm of digestive organs,1
G00.1 Pneumococcal meningitis,1
H61.2 Impacted cerumen,1
"H70.9 Mastoiditis, unspecified",1
I24.8 Other forms of acute ischaemic heart disease,1
"I61.5 Intracerebral haemorrhage, intraventricular",1
"M06.91 Rheumatoid arthritis, unspecified (Shoulder region)",1
C78.6 Secondary malignant neoplasm of retroperitoneum and peritoneum,1
L30.8 Other specified dermatitis,1
"M17.0 Primary gonarthrosis, bilateral",1
"M46.99 Inflammatory spondylopathy, unspecified (Site unspecified)",1
"M47.94 Spondylosis, unspecified (Thoracic region)",1
"M65.96 Synovitis and tenosynovitis, unspecified (Lower leg)",1
R00.2 Palpitations,1
"R01.1 Cardiac murmur, unspecified",1
S61.0 Open wound of finger(s) without damage to nail,1
T88.4 Failed or difficult intubation,1
G25.8 Other specified extrapyramidal and movement disorders,1
"G25.9 Extrapyramidal and movement disorder, unspecified",1
I63.4 Cerebral infarction due to embolism of cerebral arteries,1
K62.6 Ulcer of anus and rectum,1
C90.0 Multiple myeloma,1
D48.0 Bone and articular cartilage,1
E87.5 Hyperkalaemia,1
F32.0 Mild depressive episode,1
H54.7 Unspecified visual loss,1
"J96.9 Respiratory failure, unspecified",1
"M10.99 Gout, unspecified (Site unspecified)",1
M45.X9 Ankylosing spondylitis (Site unspecified),1
M66.06 Rupture of popliteal cyst-Lower leg,1
"N45.9 Orchitis, epididymitis and epididymo-orchitis without abscess",1
"R93.0 Abnormal findings on diagnostic imaging of skull and head, not elsewhere classified",1
"N71.9 Inflammatory disease of uterus, unspecified",1
B96.5 Pseudomonas (aeruginosa)(mallei)(pseudomallei) as the cause of diseases classified to other chapters,1
E11.5 With peripheral circulatory complications,1
I70.10 Atherosclerosis of renal artery (without gangrene),1
I70.21 Atherosclerosis of arteries of extremities (with gangrene),1
J92.9 Pleural plaque without asbestos,1
"R02 Gangrene, not elsewhere classified",1
R45.8 Other symptoms and signs involving emotional state,1
R50.0 Fever with chills,1
S62.60 Fracture of other finger (closed),1
T38.3 Insulin and oral hypoglycaemic [antidiabetic] drugs,1
"T44.7 Beta-Adrenoreceeptor antagonists, not elsewhere classified",1
T46.4 Angiotensin-converting-enzyme inhibitors,1
X63.0 Home,1
X64.0 Home,1
Z91.5 Personal history of self-harm,1
Z97.8 Presence of other specified devices,1
G97.1 Other reaction to spinal and lumbar puncture,1
B97.7 Papillomavirus as the cause of diseases classified to other chapters,1
D80.1 Nonfamilial hypogammaglobulinaemia,1
I22.1 Subsequent myocardial infarction of inferior wall,1
I60.3 Subarachnoid haemorrhage from posterior communicating artery,1
I63.8 Other cerebral infarction,1
J96.0 Acute respiratory failure,1
N87.0 Mild cervical dysplasia,1
R45.1 Restlessness and agitation,1
"Z03.9 Observation for suspected disease or condition, unspecified",1
C54.1 Endometrium,1
D26.1 Corpus uteri,1
M35.3 Polymyalgia rheumatica,1
M67.8 Other specified disorders of synovium and tendon,1
N90.4 Leukoplakia of vulva,1
E85.4 Organ-limited amyloidosis,1
I63.5 Cerebral infarction due to unspecified occlusion or stenosis of cerebral arteries,1
I68.0 Cerebral amyloid angiopathy,1
"K40.9 Unilateral or unspecified inguinal hernia, without obstruction or gangrene",1
L27.0 Generalised skin eruption due to drugs and medicaments,1
M79.6 Pain in limb,1
M79.8 Other specified soft tissue disorders,1
"R59.9 Enlarged lymph nodes, unspecified",1
S22.10 Multiple fractures of thoracic spine (closed),1
Y44.4 Antithrombotic drugs [platelet-aggregation inhibitors],1
Z96.0 Presence of urogenital implants,1
C44.3 Skin of other and unspecified parts of face,1
"D32.9 Meninges, unspecified",1
L28.0 Lichen simplex chronicus,1
"M19.97 Arthrosis, unspecified (Ankle and foot)",1
M20.2 Hallux rigidus,1
M25.77 Osteophyte (Ankle and foot),1
M25.87 Other specified joint disorders (Ankle and foot),1
R49.0 Dysphonia,1
I24.0 Coronary thrombosis not resulting in myocardial infarction,1
S00.7 Multiple superficial injuries of head,1
E05.0 Thyrotoxicosis with diffuse goitre,1
"C80.0 Malignant neoplasm, primary site unknown, so stated",1
"N28.9 Disorder of kidney and ureter, unspecified",1
R90.0 Intracranial space-occupying lesion,1
"D18.1 Lymphangioma, any site",1
"B25.9 Cytomegaloviral disease, unspecified",1
B95.7 Other staphylococcus as the cause of diseases classified to other chapters,1
D63.8 Anaemia in other chronic diseases classified elsewhere,1
K62.3 Rectal prolapse,1
N00.1 Focal and segmental glomerular lesions,1
N02.1 Focal and segmental glomerular lesions,1
N02.8 Other,1
N19 Unspecified renal failure,1
N36.2 Urethral caruncle,1
"Y82.2 Prosthetic and other implants, materials and accessory devices",1
Z49.0 Preparatory care for dialysis,1
Z49.1 Extracorporeal dialysis,1
"Z94.9 Transplanted organ and tissue status, unspecified",1
B01.0 Varicella meningitis,1
D73.0 Hyposplenism,1
G02.0 Meningitis in viral diseases classified elsewhere,1
N90.7 Vulvar cyst,1
O16 Unspecified maternal hypertension,1
O72.1 Other immediate postpartum haemorrhage,1
"O80.9 Single spontaneous delivery, unspecified",1
Z30.1 Insertion of (intra-uterine) contraceptive device,1
"G95.9 Disease of spinal cord, unspecified",1
"D31.6 Orbit, unspecified",1
D86.8 Sarcoidosis of other and combined sites,1
"D86.9 Sarcoidosis, unspecified",1
F44.6 Dissociative anaesthesia and sensory loss,1
F44.7 Mixed dissociative [conversion] disorders,1
"G03.9 Meningitis, unspecified",1
G63.8 Polyneuropathy in other diseases classified elsewhere,1
H55 Nystagmus and other irregular eye movements,1
I80.0 Phlebitis and thrombophlebitis of superficial vessels of lower extremities,1
"N45.0 Orchitis, epididymitis and epididymo-orchitis with abscess",1
S06.30 Focal brain injury (without open intracranial wound),1
B96.1 Klebsiella pneumoniae [K. pneumoniae] as the cause of diseases classified to other chapters,1
I08.0 Disorders of both mitral and aortic valves,1
I70.20 Atherosclerosis of arteries of extremities (without gangrene),1
I74.3 Embolism and thrombosis of arteries of the lower extremities,1
I77.1 Stricture of artery,1
M25.46 Effusion of joint (Lower leg),1
B07 Viral warts,1
H53.1 Subjective visual disturbances,1
H83.0 Labyrinthitis,1
I84.6 Residual haemorrhoidal skin tags,1
J39.2 Other diseases of pharynx,1
K60.1 Chronic anal fissure,1
K62.8 Other specified diseases of anus and rectum,1
"N31.2 Flaccid neuropathic bladder, not elsewhere classified",1
"N35.9 Urethral stricture, unspecified",1
N80.1 Endometriosis of ovary,1
R04.2 Haemoptysis,1
"M41.95 Scoliosis, unspecified (Thoracolumbar region)",1
"N81.9 Female genital prolapse, unspecified",1
"T78.4 Allergy, unspecified",1
H26.8 Other specified cataract,1
Z83.5 Family history of eye and ear disorders,1
Z95.4 Presence of other heart-valve replacement,1
C43.4 Malignant melanoma of scalp and neck,1
C43.5 Malignant melanoma of trunk,1
"C43.7 Malignant melanoma of lower limb, including hip",1
"C43.9 Malignant melanoma of skin, unspecified",1
"C71.0 Cerebrum, except lobes and ventricles",1
C77.4 Inguinal and lower limb lymph nodes,1
C79.0 Secondary malignant neoplasm of kidney and renal pelvis,1
K56.1 Intussusception,1
"L43.9 Lichen planus, unspecified",1
"N50.9 Disorder of male genital organs, unspecified",1
"R22.0 Localised swelling, mass and lump, head",1
R93.6 Abnormal findings on diagnostic imaging of limbs,1
S72.30 Fracture of shaft of femur (closed),1
Y43.3 Other antineoplastic drugs,1
D25.2 Subserosal leiomyoma of uterus,1
G40.3 Generalised idiopathic epilepsy and epileptic syndromes,1
K22.4 Dyskinesia of oesophagus,1
"K81.9 Cholecystitis, unspecified",1
"K91.8 Other postprocedural disorders of digestive system, not elsewhere classified",1
"L53.9 Erythematous condition, unspecified",1
N83.1 Corpus luteum cyst,1
Q50.4 Embryonic cyst of Fallopian tube,1
H49.1 Fourth [trochlear] nerve palsy,1
M25.81 Other specified joint disorders (Shoulder region),1
R52.1 Chronic intractable pain,1
M47.12 Other spondylosis with myelopathy (Cervical region),1
M54.50 Low back pain (Multiple sites in spine),1
"M79.28 Neuralgia and neuritis, unspecified (Other)",1
Q03.0 Malformations of aqueduct of Sylvius,1
X99.0 Home,1
Y75.0 Diagnostic and monitoring devices,1
F17.2 Dependence syndrome,1
H02.3 Blepharochalasis,1
H02.4 Ptosis of eyelid,1
I63.2 Cerebral infarction due to unspecified occlusion or stenosis of precerebral arteries,1
I65.2 Occlusion and stenosis of carotid artery,1
K01.1 Impacted teeth,1
"S42.9 Fracture of shoulder girdle, part unspecified",1
N31.8 Other neuromuscular dysfunction of bladder,1
"R22.1 Localised swelling, mass and lump, neck",1
R06.5 Mouth breathing,1
G35 Multiple sclerosis,1
J32.2 Chronic ethmoidal sinusitis,1
J32.3 Chronic sphenoidal sinusitis,1
M77.47 Metatarsalgia-Ankle/Foot,1
A04.8 Other specified bacterial intestinal infections,1
J31.0 Chronic rhinitis,1
N88.2 Stricture and stenosis of cervix uteri,1
R23.2 Flushing,1
R25.2 Cramp and spasm,1
I80.8 Phlebitis and thrombophlebitis of other sites,1
K80.8 Other cholelithiasis,1
K81.0 Acute cholecystitis,1
T39.3 Other nonsteroidal anti-inflammatory drugs [NSAID],1
X60.0 Home,1
"Y84.9 Medical procedure, unspecified",1
T83.3 Mechanical complication of intra-uterine contraceptive device,1
"T93.3 Sequelae of dislocation, sprain and strain of lower limb",1
"Z53.9 Procedure not carried out, unspecified reason",1
C25.0 Head of pancreas,1
C25.3 Pancreatic duct,1
"C25.9 Pancreas, unspecified",1
E13.9 Without complications,1
"F05.0 Delirium not superimposed on dementia, so described",1
"G31.9 Degenerative disease of nervous system, unspecified",1
K83.1 Obstruction of bile duct,1
K90.8 Other intestinal malabsorption,1
M14.8 Arthropathies in other specified diseases classified elsewhere,1
M72.0 Palmar fascial fibromatosis [Dupuytren],1
R40.1 Stupor,1
"R68.0 Hypothermia, not associated with low environmental temperature",1
R93.2 Abnormal findings on diagnostic imaging of liver and biliary tract,1
Z82.6 Family history of arthritis and other diseases of the musculoskeletal system and connective tissue,1
"D12.6 Colon, unspecified",1
G56.2 Lesion of ulnar nerve,1
J46 Status asthmaticus,1
L28.1 Prurigo nodularis,1
L90.0 Lichen sclerosus et atrophicus,1
M23.33 Other meniscus derangements (Medial collateral ligament or Other and unspecified medial meniscus),1
M54.36 Sciatica (Lumbar region),1
"M71.95 Bursopathy, unspecified (Pelvic region and thigh)",1
C71.2 Temporal lobe,1
"E07.9 Disorder of thyroid, unspecified",1
"E21.3 Hyperparathyroidism, unspecified",1
E89.2 Postprocedural hypoparathyroidism,1
H52.1 Myopia,1
J35.0 Chronic tonsillitis,1
D05.1 Intraductal carcinoma in situ,1
K64.0 First degree haemorrhoids,1
M85.45 Solitary bone cyst (Pelvic region and thigh),1
K08.3 Retained dental root,1
K90.0 Coeliac disease,1
K92.0 Haematemesis,1
"M19.95 Arthrosis, unspecified (Pelvic region and thigh)",1
O21.0 Mild hyperemesis gravidarum,1
"O36.9 Maternal care for foetal problem, unspecified",1
O80.0 Spontaneous vertex delivery,1
"O99.5 Diseases of the respiratory system complicating pregnancy, childbirth and the puerperium",1
Z72.2 Drug use,1
G43.8 Other migraine,1
M70.6 Trochanteric bursitis,1
N88.8 Other specified noninflammatory disorders of cervix uteri,1
Z97.5 Presence of (intra-uterine) contraceptive device,1
K25.7 Chronic without haemorrhage or perforation,1
N76.2 Acute vulvitis,1
H04.3 Acute and unspecified inflammation of lachrymal passages,1
M25.56 Pain in joint (Lower leg),1
N13.0 Hydronephrosis with ureteropelvic junction obstruction,1
Q21.1 Atrial septal defect,1
R68.8 Other specified general symptoms and signs,1
R77.8 Other specified abnormalities of plasma proteins,1
S62.30 Fracture of other metacarpal bone (closed),1
"Z87.7 Personal history of congenital malformations, deformations and chromosomal abnormalities",1
C69.0 Conjunctiva,1
C78.2 Secondary malignant neoplasm of pleura,1
C79.7 Secondary malignant neoplasm of adrenal gland,1
D35.2 Pituitary gland,1
G58.0 Intercostal neuropathy,1
"T84.8 Other complications of internal orthopaedic prosthetic devices, implants and grafts",1
"C43.6 Malignant melanoma of upper limb, including shoulder",1
H47.3 Other disorders of optic disk,1
L85.8 Other specified epidermal thickening,1
S60.8 Other superficial injuries of wrist and hand,1
"M18.9 Arthrosis of first carpometacarpal joint, unspecified",1
N60.4 Mammary duct ectasia,1
N62 Hypertrophy of breast,1
R39.1 Other difficulties with micturition,1
"M79.09 Rheumatism, unspecified (Site unspecified)",1
M79.79 Fibromyalgia (Site unspecified),1
Z90.5 Acquired absence of kidney,1
E87.2 Acidosis,1
R57.0 Cardiogenic shock,1
"K25.9 Unspecified as acute or chronic, without haemorrhage or perforation",1
"K29.5 Chronic gastritis, unspecified",1
M47.8 Other spondylosis,1
M87.24 Osteonecrosis due to previous trauma (Hand),1
M79.88 Other specified soft tissue disorders (Other),1
S33.5 Sprain and strain of lumbar spine,1
S80.8 Other superficial injuries of lower leg,1
T91.0 Sequelae of superficial injury and open wound of neck and trunk,1
V23.4 Driver injured in traffic accident,1
E87.0 Hyperosmolality and hypernatraemia,1
F02.3 Dementia in Parkinson's disease,1
F02.8 Dementia in other specified diseases classified elsewhere,1
G31.8 Other specified degenerative diseases of nervous system,1
"K59.3 Megacolon, not elsewhere classified",1
"R60.9 Oedema, unspecified",1
Y46.7 Anti-Parkinsonism drugs,1
Z51.8 Other specified medical care,1
"Z80.9 Family history of malignant neoplasm, unspecified",1
G95.0 Syringomyelia and syringobulbia,1
Q07.8 Other specified congenital malformations of nervous system,1
Q75.8 Other specified congenital malformations of skull and face bones,1
"C34.1 Upper lobe, bronchus or lung",1
H27.8 Other specified disorders of lens,1
I08.1 Disorders of both mitral and tricuspid valves,1
"I08.3 Combined disorders of mitral, aortic and tricuspid valves",1
I20.8 Other forms of angina pectoris,1
I22.9 Subsequent myocardial infarction of unspecified site,1
"I24.9 Acute ischaemic heart disease, unspecified",1
I36.1 Nonrheumatic tricuspid (valve) insufficiency,1
I37.1 Pulmonary valve insufficiency,1
J00 Acute nasopharyngitis [common cold],1
J04.0 Acute laryngitis,1
M54.3 Sciatica,1
Y44.2 Anticoagulants,1
"Z85.1 Personal history of malignant neoplasm of trachea, bronchus and lung",1
O63.0 Prolonged first stage (of labour),1
S06.40 Epidural haemorrhage (without open intracranial wound),1
S27.00 Traumatic pneumothorax (without open wound into thoracic cavity),1
"T00.9 Multiple superficial injuries, unspecified",1
V13.4 Driver injured in traffic accident,1
J95.0 Tracheostomy malfunction,1
R06.1 Stridor,1
"R93.5 Abnormal findings on diagnostic imaging of other abdominal regions, including retroperitoneum",1
Z93.0 Tracheostomy status,1
H05.0 Acute inflammation of orbit,1
"H73.9 Disorder of tympanic membrane, unspecified",1
H92.1 Otorrhoea,1
H93.1 Tinnitus,1
S36.9 Injury of unspecified intra-abdominal organ,1
S52.50 Fracture of lower end of radius (closed),1
W00.9 Unspecified place,1
Z83.7 Family history of diseases of the digestive system,1
"H02.9 Disorder of eyelid, unspecified",1
H11.2 Conjunctival scars,1
H15.0 Scleritis,1
H16.8 Other keratitis,1
H18.2 Other corneal oedema,1
H18.8 Other specified disorders of cornea,1
H20.1 Chronic iridocyclitis,1
"H20.9 Iridocyclitis, unspecified",1
K43.2 Incisional hernia without obstruction or gangrene,1
"K57.8 Diverticular disease of intestine, part unspecified, with perforation and abscess",1
K66.0 Peritoneal adhesions,1
"M19.92 Arthrosis, unspecified (Upper arm)",1
M35.1 Other overlap syndromes,1
M35.8 Other specified systemic involvement of connective tissue,1
"M35.9 Systemic involvement of connective tissue, unspecified",1
"M47.92 Spondylosis, unspecified (Cervical region)",1
M77.1 Lateral epicondylitis,1
M85.83 Other specified disorders of bone density and structure (Forearm),1
N28.8 Other specified disorders of kidney and ureter,1
Z80.4 Family history of malignant neoplasm of genital organs,1
Z94.7 Corneal transplant status,1
"D68.9 Coagulation defect, unspecified",1
E87.3 Alkalosis,1
L24.8 Irritant contact dermatitis due to other agents,1
S01.0 Open wound of scalp,1
S32.30 Fracture of ilium (closed),1
S32.40 Fracture of acetabulum (closed),1
S32.80 Fracture of other and unspecified parts of lumbar spine and pelvis (closed),1
U07.6 Emergency use of U07.6,1
B59 Pneumocystosis,1
"D53.9 Nutritional anaemia, unspecified",1
"G58.9 Mononeuropathy, unspecified",1
I07.1 Tricuspid insufficiency,1
I08.8 Other multiple valve diseases,1
I12.9 Hypertensive renal disease without renal failure,1
I27.2 Other secondary pulmonary hypertension,1
"J02.9 Acute pharyngitis, unspecified",1
J17.3 Pneumonia in parasitic diseases,1
"K65.9 Peritonitis, unspecified",1
M85.89 Other specified disorders of bone density and structure (Site unspecified),1
"N11.9 Chronic tubulo-interstitial nephritis, unspecified",1
N17.0 Acute renal failure with tubular necrosis,1
"N27.1 Small kidney, bilateral",1
R00.8 Other and unspecified abnormalities of heart beat,1
R20.2 Paraesthesia of skin,1
"T82.9 Unspecified complication of cardiac and vascular prosthetic device, implant and graft",1
T86.1 Kidney transplant failure and rejection,1
Y83.0 Surgical operation with transplant of whole organ,1
Z43.6 Attention to other artificial openings of urinary tract,1
Z45.2 Adjustment and management of vascular access device,1
Z49.2 Other dialysis,1
B37.2 Candidiasis of skin and nail,1
B95.4 Other streptococcus as the cause of diseases classified to other chapters,1
D17.2 Benign lipomatous neoplasm of skin and subcutaneous tissue of limbs,1
E87.7 Fluid overload,1
I11.0 Hypertensive heart disease with (congestive) heart failure,1
I11.9 Hypertensive heart disease without (congestive) heart failure,1
I27.0 Primary pulmonary hypertension,1
I42.2 Other hypertrophic cardiomyopathy,1
"L72.9 Follicular cyst of skin and subcutaneous tissue, unspecified",1
L98.8 Other specified disorders of skin and subcutaneous tissue,1
"M65.97 Synovitis and tenosynovitis, unspecified (Ankle and foot)",1
M81.68 Localized osteoporosis [Lequesne] (Other),1
"M81.98 Osteoporosis, unspecified (Other)",1
"R03.0 Elevated blood-pressure reading, without diagnosis of hypertension",1
R23.3 Spontaneous ecchymoses,1
"S01.9 Open wound of head, part unspecified",1
S20.0 Contusion of breast,1
S51.0 Open wound of elbow,1
S72.10 Pertrochanteric fracture (closed),1
S80.0 Contusion of knee,1
S83.6 Sprain and strain of other and unspecified parts of knee,1
"S90.9 Superficial injury of ankle and foot, unspecified",1
W01.0 Home,1
W20.0 Home,1
"Y51.7 Beta-Adrenoreceptor antagonists, not elsewhere classified",1
Y84.0 Cardiac catheterisation,1
Z45.0 Adjustment and management of cardiac pacemaker,1
Z71.1 Person with feared complaint in whom no diagnosis is made,1
Z95.0 Presence of cardiac pacemaker,1
"A08.4 Viral intestinal infection, unspecified",1
E61.1 Iron deficiency,1
M43.1 Spondylolisthesis,1
R45.0 Nervousness,1
D13.1 Stomach,1
D22.3 Melanocytic naevi of other and unspecified parts of face,1
"K63.9 Disease of intestine, unspecified",1
"L02.2 Cutaneous abscess, furuncle and carbuncle of trunk",1
"F31.9 Bipolar affective disorder, unspecified",1
"H83.9 Disease of inner ear, unspecified",1
I42.0 Dilated cardiomyopathy,1
I67.6 Nonpyogenic thrombosis of intracranial venous system,1
J81 Pulmonary oedema,1
N18.8 Other chronic renal failure,1
R44.1 Visual hallucinations,1
R54 Senility,1
"W06.2 School, other institution and public administrative area",1
I95.0 Idiopathic hypotension,1
M71.16 Other infective bursitis (Lower leg),1
O41.8 Other specified disorders of amniotic fluid and membranes,1
O62.3 Precipitate labour,1
O75.6 Delayed delivery after spontaneous or unspecified rupture of membranes,1
T93.0 Sequelae of open wound of lower limb,1
M23.32 Other meniscus derangements (Posterior cruciate ligament or Posterior horn of medial meniscus),1
C01 Malignant neoplasm of base of tongue,1
"C77.0 Lymph nodes of head, face and neck",1
I34.1 Mitral (valve) prolapse,1
R63.3 Feeding difficulties and mismanagement,1
Z00.0 General medical examination,1
Z08.9 Follow-up examination after unspecified treatment for malignant neoplasm,1
Z51.3 Blood transfusion without reported diagnosis,1
I84.1 Internal haemorrhoids with other complications,1
L91.8 Other hypertrophic disorders of skin,1
Z71.8 Other specified counselling,1
"S81.9 Open wound of lower leg, part unspecified",1
X16.0 Home,1
"C70.9 Meninges, unspecified",1
"F23.9 Acute and transient psychotic disorder, unspecified",1
M95.3 Acquired deformity of neck,1
Y09.0 Home,1
Y42.0 Glucocorticoids and synthetic analogs,1
Z90.0 Acquired absence of part of head and neck,1
D51.0 Vitamin B12 deficiency anaemia due to intrinsic factor deficiency,1
E53.8 Deficiency of other specified B group vitamins,1
I60.6 Subarachnoid haemorrhage from other intracranial arteries,1
K08.8 Other specified disorders of teeth and supporting structures,1
G91.0 Communicating hydrocephalus,1
"Z01.6 Radiological examination, not elsewhere classified",1
C44.4 Skin of scalp and neck,1
I69.1 Sequelae of intracerebral haemorrhage,1
K80.5 Calculus of bile duct without cholangitis or cholecystitis,1
M25.51 Pain in joint (Shoulder region),1
"N31.9 Neuromuscular dysfunction of bladder, unspecified",1
S42.30 Fracture of shaft of humerus (closed),1
T83.0 Mechanical complication of urinary (indwelling) catheter,1
W24.0 Home,1
"Y52.5 Other antihypertensive drugs, not elsewhere classified",1
"D43.0 Brain, supratentorial",1
D47.1 Chronic myeloproliferative disease,1
D48.2 Peripheral nerves and autonomic nervous system,1
D75.1 Secondary polycythaemia,1
E23.0 Hypopituitarism,1
E29.1 Testicular hypofunction,1
I84.2 Internal haemorrhoids without complication,1
C44.5 Skin of trunk,1
M85.28 Hyperostosis of skull-Other,1
"M19.90 Arthrosis, unspecified (Multiple sites)",1
M25.78 Osteophyte (Other),1
"Q03.9 Congenital hydrocephalus, unspecified",1
S62.61 Fracture of other finger (open),1
W23.9 Unspecified place,1
C67.2 Lateral wall of bladder,1
"C67.9 Bladder, unspecified",1
D41.4 Bladder,1
F06.7 Mild cognitive disorder,1
"J11.0 Influenza with pneumonia, virus not identified",1
"L40.9 Psoriasis, unspecified",1
M48.06 Spinal stenosis (Lumbar region),1
R63.0 Anorexia,1
Z85.5 Personal history of malignant neoplasm of urinary tract,1
B98.0 Helicobacter pylori [H.pylori] as the cause of diseases classified to other chapters,1
D03.3 Melanoma in situ of other and unspecified parts of face,1
"G91.3 Posttraumatic hydrocephalus, unspecified",1
"J96.99 Respiratory failure, unspecified; Type unspecified",1
O47.1 False labour at or after 37 completed weeks of gestation,1
Y84.8 Other medical procedures,1
Z03.2 Observation for suspected mental and behavioural disorders,1
D24 Benign neoplasm of breast,1
I45.6 Preexcitation syndrome,1
J38.6 Stenosis of larynx,1
G57.8 Other mononeuropathies of lower limb,1
N43.4 Spermatocele,1
S02.50 Fracture of tooth (closed),1
S02.80 Fractures of other skull and facial bones (closed),1
S06.5 Traumatic subdural haemorrhage,1
S12.00 Fracture of first cervical vertebra (closed),1
"S12.90 Fracture of neck, part unspecified (closed)",1
S66.8 Injury of other muscles and tendons at wrist and hand level,1
W25.0 Home,1
Y86 Sequelae of other accidents,1
J15.8 Other bacterial pneumonia,1
J30.1 Allergic rhinitis due to pollen,1
K11.2 Sialoadenitis,1
K11.5 Sialolithiasis,1
K22.7 Barrett's oesophagus,1
M47.80 Other spondylosis (Multiple sites in spine),1
M48.02 Spinal stenosis (Cervical region),1
O20.0 Threatened abortion,1
R84.5 Abnormal microbiological findings,1
T17.5 Foreign body in bronchus,1
"T81.3 Disruption of operation wound, not elsewhere classified",1
W80.9 Unspecified place,1
C50.4 Upper-outer quadrant of breast,1
"I51.9 Heart disease, unspecified",1
"J68.0 Bronchitis and pneumonitis due to chemicals, gases, fumes and vapours",1
"J98.0 Diseases of bronchus, not elsewhere classified",1
N63 Unspecified lump in breast,1
"E55.9 Vitamin D deficiency, unspecified",1
F40.2 Specific (isolated) phobias,1
Q79.6 Ehlers-Danlos syndrome,1
R41.3 Other amnesia,1
S29.9 Unspecified injury of thorax,1
"S30.8 Other superficial injuries of abdomen, lower back and pelvis",1
V49.9 Car occupant [any] injured in unspecified traffic accident,1
F10.2 Dependence syndrome,1
F10.3 Withdrawal state,1
I21.0 Acute transmural myocardial infarction of anterior wall,1
M10.07 Idiopathic gout (Ankle and foot),1
N30.2 Other chronic cystitis,1
"N41.9 Inflammatory disease of prostate, unspecified",1
S00.8 Superficial injury of other parts of head,1
S05.1 Contusion of eyeball and orbital tissues,1
S09.9 Unspecified injury of head,1
S43.0 Dislocation of shoulder joint,1
W01.9 Unspecified place,1
W19.4 Street and highway,1
Z20.8 Contact with and exposure to other communicable diseases,1
Z75.1 Person awaiting admission to adequate facility elsewhere,1
D72.8 Other specified disorders of white blood cells,1
D86.0 Sarcoidosis of lung,1
J67.9 Hypersensitivity pneumonitis due to unspecified organic dust,1
J84.0 Alveolar and parietoalveolar conditions,1
"J84.9 Interstitial pulmonary disease, unspecified",1
J94.1 Fibrothorax,1
J98.2 Interstitial emphysema,1
K76.6 Portal hypertension,1
"O03.4 Incomplete, without complication",1
O23.5 Infections of the genital tract in pregnancy,1
"O42.9 Premature rupture of membranes, unspecified",1
O68.0 Labour and delivery complicated by foetal heart rate anomaly,1
O70.1 Second degree perineal laceration during delivery,1
O72.0 Third-stage haemorrhage,1
M95.2 Other acquired deformity of head,1
"T98.3 Sequelae of complications of surgical and medical care, not elsewhere classified",1
Z96.7 Presence of other bone and tendon implants,1
E28.2 Polycystic ovarian syndrome,1
K45.8 Other specified abdominal hernia without obstruction or gangrene,1
Z42.2 Follow-up care involving plastic surgery of other parts of trunk,1
G83.8 Other specified paralytic syndromes,1
Z92.8 Personal history of other medical treatment,1
D12.3 Transverse colon,1
D12.4 Descending colon,1
D47.2 Monoclonal gammopathy,1
D75.2 Essential thrombocytosis,1
G91.8 Other hydrocephalus,1
M15.0 Primary generalised (osteo)arthrosis,1
H43.8 Other disorders of vitreous body,1
"J96.90 Respiratory failure, unspecified; Type I [hypoxic]",1
K82.3 Fistula of gallbladder,1
"L92.9 Granulomatous disorder of skin and subcutaneous tissue, unspecified",1
"T85.5 Mechanical complication of gastro-intestinal prosthetic devices, implants and grafts",1
Z30.5 Surveillance of (intra-uterine) contraceptive device,1
Z86.5 Personal history of other mental and behavioural disorders,1
Z93.4 Other artificial openings of gastro-intestinal tract status,1
K07.6 Temporomandibular joint disorders,1
"M13.96 Arthritis, unspecified (Lower leg)",1
M23.20 Derangement of meniscus due to old tear or injury (Multiple sites),1
M54.57 Low back pain (Lumbosacral region),1
"M65.98 Synovitis and tenosynovitis, unspecified (Other)",1
M71.2 Synovial cyst of popliteal space [Baker],1
M75.4 Impingement syndrome of shoulder,1
M75.5 Bursitis of shoulder,1
M76.7 Peroneal tendinitis,1
S52.70 Multiple fractures of forearm (closed),1
S72.40 Fracture of lower end of femur (closed),1
S82.00 Fracture of patella (closed),1
S82.01 Fracture of patella (open),1
V43.5 Driver injured in traffic accident,1
Z47.0 Follow-up care involving removal of fracture plate and other internal fixation device,1
Z47.8 Other specified orthopaedic follow-up care,1
Z82.0 Family history of epilepsy and other diseases of the nervous system,1
"A00.9 Cholera, unspecified",1
M47.82 Other spondylosis (Cervical region),1
"I60.7 Subarachnoid haemorrhage from intracranial artery, unspecified",1
S42.20 Fracture of upper end of humerus (closed),1
